<beans xmlns="http://www.springframework.org/schema/beans"
	xmlns:xsi="http://www.w3.org/2001/XMLSchema-instance"
	xmlns:context="http://www.springframework.org/schema/context"
	xmlns:mvc="http://www.springframework.org/schema/mvc"
	xmlns:tx="http://www.springframework.org/schema/tx"
	xsi:schemaLocation="http://www.springframework.org/schema/beans
http://www.springframework.org/schema/beans/spring-beans-3.0.xsd
http://www.springframework.org/schema/context
http://www.springframework.org/schema/context/spring-context-3.0.xsd
http://www.springframework.org/schema/mvc
http://www.springframework.org/schema/mvc/spring-mvc-3.0.xsd
http://www.springframework.org/schema/tx
http://www.springframework.org/schema/tx/spring-tx-3.0.xsd">
<bean id="dataSource"
		class="org.springframework.jdbc.datasource.DriverManagerDataSource">
		<property name="driverClassName"
			value="com.mysql.jdbc.Driver" />
		<property name="url"
			value="jdbc:mysql://localhost:3306/training" />
		<property name="username" value="root" />
		<property name="password" value="root" />
	</bean>

	<bean id="entityManagerFactoryBean"
		class="org.springframework.orm.jpa.LocalContainerEntityManagerFactoryBean">

		<property name="dataSource" ref="dataSource" />
		<property name="packagesToScan"
			value="com.capgemini.pms" />
		<property name="persistenceProvider">
			<bean class="org.hibernate.jpa.HibernatePersistenceProvider" />
		</property>

		<property name="jpaProperties">
			<props>
				<prop key="hibernate.hbm2ddl.auto">update</prop>
				<prop key="hibernate.dialect">org.hibernate.dialect.MySQLDialect</prop>
			</props>
		</property>
	</bean>

	<bean id="transactionManager"
		class="org.springframework.orm.jpa.JpaTransactionManager">
		<property name="entityManagerFactory"
			ref="entityManagerFactoryBean" />
	</bean>
	<context:annotation-config />
	<mvc:annotation-driven />
	<!-- <import resource="classpath:/jpaConfig.xml" /> -->
	<context:component-scan base-package="com.capgemini.pms" />

	<bean
		class="org.springframework.web.servlet.view.InternalResourceViewResolver">
		<property name="prefix" value="/WEB-INF/views/" />
		<property name="suffix" value=".jsp" />
	</bean>
</beans>